{
  "project_info": {
    "project_number": "794754653431",
    "firebase_url": "https://akshay-home-automation-64f99.firebaseio.com",
    "project_id": "akshay-home-automation-64f99",
    "storage_bucket": "akshay-home-automation-64f99.appspot.com"
  },
  "client": [
    {
      "client_info": {
        "mobilesdk_app_id": "1:794754653431:android:1a6a476a6ada8ddf",
        "android_client_info": {
          "package_name": "com.digiads.akshhomeautomation"
        }
      },
      "oauth_client": [
        {
          "client_id": "794754653431-tqu9n1e6oq142f3sdnledodaf2hr0oig.apps.googleusercontent.com",
          "client_type": 3
        }
      ],
      "api_key": [
        {
          "current_key": "AIzaSyDgcV8q5XlZlOYTRGsJ38kcc2s07-SvhqU"
        }
      ],
      "services": {
        "appinvite_service": {
          "other_platform_oauth_client": [
            {
              "client_id": "794754653431-tqu9n1e6oq142f3sdnledodaf2hr0oig.apps.googleusercontent.com",
              "client_type": 3
            }
          ]
        }
      }
    }
  ],
  "configuration_version": "1"
}